1,b,30.83,0,127,u,g,w,v,1.25,t,134.53,t,1,147.4,f,g,202,0,+
2,a,58.67,4.46,320,u,g,q,h,3.04,t,134.63,t,6,147.18,f,g,43,560,+
3,a,24.5,0.5,?,u,g,q,h,1.5,t,134.88,f,0,148.17,f,g,280,824,+
4,b,27.83,1.54,?,u,g,w,v,3.75,t,132.43,t,5,148.28,t,g,100,3,+
5,b,20.17,5.625,?,u,g,w,v,1.71,t,135.05,f,0,147.78,f,s,120,0,+
6,b,32.08,4,?,u,g,m,v,2.5,t,134.38,f,0,147.1,t,g,360,0,+
7,b,33.17,1.04,?,u,g,r,h,6.5,t,133.59,f,0,146.75,t,g,164,31285,+
8,a,22.92,11.585,?,u,g,cc,v,0.04,t,135.8,f,0,146.49,f,g,80,1349,+
9,b,54.42,0.5,?,y,p,k,h,3.96,t,134.69,f,0,147.51,f,g,180,314,+
10,b,42.5,4.915,?,y,p,w,v,3.165,t,134.94,f,0,147.98,t,g,52,1442,+
11,b,22.08,0.83,?,u,g,c,h,2.165,f,134.97,f,0,148.72,t,g,128,0,+
12,b,29.92,1.835,?,u,g,c,h,4.335,t,133.77,f,0,148.65,f,g,260,200,+
13,a,38.25,6,?,u,g,k,v,1,t,136.78,f,0,147.16,t,g,0,0,+
14,b,48.08,6.04,?,u,g,k,v,0.04,f,134.27,f,0,148.04,f,g,0,2690,+
15,a,45.83,10.5,124,u,g,q,v,5,t,135.2,t,7,147.28,t,g,0,0,+
16,b,36.67,4.415,?,y,p,k,v,0.25,t,136.05,t,10,146.64,t,g,320,0,+
17,b,28.25,0.875,140,u,g,m,v,0.96,t,135.53,t,3,148.08,t,g,396,0,+
18,a,23.25,5.875,?,u,g,q,v,3.17,t,133.14,t,10,147.89,f,g,120,245,+
19,b,21.83,0.25,152,u,g,d,h,0.665,t,134.76,f,0,149.25,t,g,0,0,+
20,a,19.17,8.585,178,u,g,cc,h,0.75,t,136.03,t,7,148.62,f,g,96,0,+
21,b,25,11.25,?,u,g,c,v,2.5,t,134.75,t,17,146.72,f,g,200,1208,+
22,b,23.25,1,178,u,g,c,v,0.835,t,135.73,f,0,148.29,f,s,300,0,+
23,a,47.75,8,315,u,g,c,v,7.875,t,131.95,t,6,146.36,t,g,0,1260,+
24,a,27.42,14.5,323,u,g,x,h,3.085,t,134.19,t,1,147.96,f,g,120,11,+
25,a,41.17,6.5,?,u,g,q,v,0.5,t,136.59,t,3,148.47,t,g,145,0,+
26,a,15.83,0.585,214,u,g,c,h,1.5,t,136.32,t,2,148.74,f,g,100,0,+
27,a,47,13,?,u,g,i,bb,5.165,t,133.37,t,9,148.93,t,g,0,0,+
28,b,56.58,18.5,?,u,g,d,bb,15,t,129.52,t,17,148.67,t,g,0,0,+
29,b,57.42,8.5,?,u,g,e,h,7,t,132.75,t,3,149.79,f,g,0,0,+
30,b,42.08,1.04,?,u,g,w,v,5,t,132.68,t,6,147.06,t,g,500,10000,+
31,b,29.25,14.79,?,u,g,aa,v,5.04,t,133.3,t,5,147.6,t,g,168,0,+
32,b,42,9.79,?,u,g,x,h,7.96,t,132.86,t,8,147.13,f,g,0,0,+
33,b,49.5,7.585,?,u,g,i,bb,7.585,t,131.95,t,15,147.32,t,g,0,5000,+
34,a,36.75,5.125,180,u,g,e,v,5,t,132.88,f,0,147.37,t,g,0,4000,+
35,a,22.58,10.75,248,u,g,q,v,0.415,t,134.86,t,5,147.23,t,g,0,560,+
36,b,27.83,1.5,?,u,g,w,v,2,t,134.41,t,11,148.98,t,g,434,35,+
37,b,27.25,1.585,258,u,g,cc,h,1.835,t,134.39,t,12,148.19,t,g,583,713,+
38,a,23,11.75,?,u,g,x,h,0.5,t,135.87,t,2,148.87,t,g,300,551,+
39,b,27.75,0.585,251,y,p,cc,v,0.25,t,134.66,t,2,149.22,f,g,260,500,+
40,b,54.58,9.415,164,u,g,ff,ff,14.415,t,129.59,t,11,147.47,t,g,30,300,+
41,b,34.17,9.17,?,u,g,c,v,4.5,t,134.62,t,12,149.25,t,g,0,221,+
42,b,28.92,15,203,u,g,c,h,5.335,t,133.59,t,11,146.84,f,g,0,2283,+
43,b,29.67,1.415,230,u,g,w,h,0.75,t,137,t,1,147.38,f,g,240,100,+
44,b,39.58,13.915,?,u,g,w,v,8.625,t,131.18,t,6,147.8,t,g,70,0,+
45,b,56.42,28,327,y,p,c,v,28.5,t,124.02,t,40,147.67,f,g,0,15,+
46,b,54.33,6.75,?,u,g,c,h,2.625,t,134.15,t,11,148.54,t,g,0,284,+
47,a,41,2.04,?,y,p,q,h,0.125,t,135.17,t,23,147.79,t,g,455,1236,+
48,b,31.92,4.46,?,u,g,cc,h,6.04,t,133.8,t,3,147.86,f,g,311,300,+
49,b,41.5,1.54,?,u,g,i,bb,3.5,f,133.96,f,0,147.3,f,g,216,0,+
50,b,23.92,0.665,224,u,g,c,v,0.165,f,136.1,f,0,147.98,f,g,100,0,+
51,a,25.75,0.5,320,u,g,c,h,0.875,t,134.95,f,0,148.06,t,g,491,0,+
52,b,26,1,287,u,g,q,v,1.75,t,135.49,f,0,149.51,t,g,280,0,+
53,b,37.42,2.04,?,u,g,w,v,0.04,t,135.79,f,0,148.47,t,g,400,5800,+
54,b,34.92,2.5,221,u,g,w,v,0,t,135.65,f,0,148.38,t,g,239,200,+
55,b,34.25,3,329,u,g,cc,h,7.415,t,132.84,f,0,147.45,t,g,0,0,+
56,b,23.33,11.625,?,y,p,w,v,0.835,t,135.04,f,0,149.75,t,g,160,300,+
57,b,23.17,0,?,u,g,cc,v,0.085,t,136.43,f,0,147.51,f,g,0,0,+
58,b,44.33,0.5,?,u,g,i,h,5,t,133.2,f,0,147.56,t,g,320,0,+
59,b,35.17,4.5,?,u,g,x,h,5.75,f,133.58,f,0,147.53,t,s,711,0,+
60,b,43.25,3,?,u,g,q,h,6,t,133.96,t,11,149.48,f,g,80,0,+
61,b,56.75,12.25,225,u,g,m,v,1.25,t,134.79,t,4,148.37,t,g,200,0,+
62,b,31.67,16.165,270,u,g,d,v,3,t,133.78,t,9,147.12,f,g,250,730,+
63,a,23.42,0.79,258,y,p,q,v,1.5,t,133.91,t,2,147.4,t,g,80,400,+
64,a,20.42,0.835,188,u,g,q,v,1.585,t,135.6,t,1,148.23,f,g,0,0,+
65,b,26.67,4.25,?,u,g,cc,v,4.29,t,133.99,t,1,147.56,t,g,120,0,+
66,b,34.17,1.54,?,u,g,cc,v,1.54,t,134.34,t,1,147.85,t,g,520,50000,+
67,a,36,1,?,u,g,c,v,2,t,135.49,t,11,148.71,f,g,0,456,+
68,b,25.5,0.375,239,u,g,m,v,0.25,t,136,t,3,146.96,f,g,260,15108,+
69,b,19.42,6.5,282,u,g,w,h,1.46,t,134.16,t,7,146.67,f,g,80,2954,+
70,b,35.17,25.125,338,u,g,x,h,1.625,t,135.88,t,1,146.61,t,g,515,500,+
71,b,32.33,7.5,?,u,g,e,bb,1.585,t,134.85,f,0,146.47,t,s,420,0,-
72,b,34.83,4,?,u,g,d,bb,12.5,t,130.52,f,0,148.16,t,g,?,0,-
73,a,38.58,5,132,u,g,cc,v,13.5,t,130.93,f,0,148.15,t,g,980,0,-
74,b,44.25,0.5,?,u,g,m,v,10.75,t,131.33,f,0,147.47,f,s,400,0,-
75,b,44.83,7,?,y,p,c,v,1.625,f,134.94,f,0,150.25,f,g,160,2,-
76,b,20.67,5.29,198,u,g,q,v,0.375,t,135.27,t,1,148.74,f,g,160,0,-
77,b,34.08,6.5,237,u,g,aa,v,0.125,t,135.5,f,0,147.83,t,g,443,0,-
78,a,19.17,0.585,?,y,p,aa,v,0.585,t,133.82,f,0,147.28,t,g,160,0,-
79,b,21.67,1.165,311,y,p,k,v,2.5,t,134.11,t,1,146.95,f,g,180,20,-
80,b,21.5,9.75,284,u,g,c,v,0.25,t,136.88,f,0,148.06,f,g,140,0,-
81,b,49.58,19,?,u,g,ff,ff,0,t,136.05,t,1,148.69,f,g,94,0,-
82,a,27.67,1.5,?,u,g,m,v,2,t,135.21,f,0,148.75,f,s,368,0,-
83,b,39.83,0.5,?,u,g,m,v,0.25,t,135.78,f,0,147.2,f,s,288,0,-
84,a,?,3.5,?,u,g,d,v,3,t,134.69,f,0,147.84,t,g,300,0,-
85,b,27.25,0.625,254,u,g,aa,v,0.455,t,135.51,f,0,149.01,t,g,200,0,-
86,b,37.17,4,?,u,g,c,bb,5,t,133.72,f,0,147.27,t,s,280,0,-
87,b,?,0.375,332,u,g,d,v,0.875,t,134.7,f,0,147.77,t,s,928,0,-
88,b,25.67,2.21,162,y,p,aa,v,4,t,134.59,f,0,147.22,f,g,188,0,-
89,b,34,4.5,254,u,g,aa,v,1,t,135.3,f,0,149.34,t,g,240,0,-
90,a,49,1.5,?,u,g,j,j,0,t,135.18,f,0,147.96,t,g,100,27,-
91,b,62.5,12.75,?,y,p,c,h,5,t,132.38,f,0,149.82,f,g,112,0,-
92,b,31.42,15.5,185,u,g,c,v,0.5,t,134.94,f,0,146.79,f,g,120,0,-
93,b,?,5,?,y,p,aa,v,8.5,t,131.43,f,0,148.22,f,g,0,0,-
94,b,52.33,1.375,?,y,p,c,h,9.46,t,130.49,f,0,145.87,t,g,200,100,-
95,b,28.75,1.5,287,y,p,c,v,1.5,t,135.52,f,0,147.26,t,g,0,225,-
96,a,28.58,3.54,164,u,g,i,bb,0.5,t,135.17,f,0,146.4,t,g,171,0,-
97,b,23,0.625,?,y,p,aa,v,0.125,t,135.59,f,0,147.25,f,g,180,1,-
98,b,?,0.5,173,u,g,c,bb,0.835,t,135.17,f,0,148,t,s,320,0,-
99,a,22.5,11,325,y,p,q,v,3,t,135,f,0,149.33,t,g,268,0,-
100,a,28.5,1,225,u,g,q,v,1,t,135.34,t,2,148.2,t,g,167,500,-
101,b,37.5,1.75,248,y,p,c,bb,0.25,t,135.44,f,0,147.94,t,g,164,400,-
102,b,35.25,16.5,?,y,p,c,v,4,t,133.52,f,0,147.47,f,g,80,0,-
103,b,18.67,5,?,u,g,q,v,0.375,t,135.43,t,2,147.45,f,g,0,38,-
104,b,25,12,234,u,g,k,v,2.25,t,134.64,t,2,147.9,t,g,120,5,-
105,b,27.83,4,167,y,p,i,h,5.75,t,132.96,t,2,147.85,t,g,75,0,-
106,b,54.83,15.5,338,u,g,e,z,0,t,135.42,t,20,147.22,f,g,152,130,-
107,b,28.75,1.165,?,u,g,k,v,0.5,t,136.74,f,0,148.82,f,s,280,0,-
108,a,25,11,288,y,p,aa,v,4.5,t,133.85,f,0,149.06,f,g,120,0,-
109,b,40.92,2.25,174,y,p,x,h,10,t,132.08,f,0,147.45,t,g,176,0,-
110,a,19.75,0.75,?,u,g,c,v,0.795,t,134.11,t,5,147.57,t,g,140,5,-
111,b,29.17,3.5,?,u,g,w,v,3.5,t,133.75,t,3,148.68,t,g,329,0,-
112,a,24.5,1.04,?,y,p,ff,ff,0.5,t,134.31,t,3,148.37,f,g,180,147,-
113,b,24.58,12.5,?,u,g,w,v,0.875,t,134.69,f,0,148.32,t,g,260,0,-
114,a,33.75,0.75,?,u,g,k,bb,1,t,136.03,t,3,148.05,t,g,212,0,-
115,b,20.67,1.25,?,y,p,c,h,1.375,t,135.62,t,3,148.3,t,g,140,210,-
116,a,25.42,1.125,?,u,g,q,v,1.29,t,135.04,t,2,147.35,f,g,200,0,-
117,b,37.75,7,?,u,g,q,h,11.5,t,131.13,t,7,148.55,t,g,300,5,-
118,b,52.5,6.5,188,u,g,k,v,6.29,t,132.44,t,15,147.51,f,g,0,11202,+
119,b,57.83,7.04,170,u,g,m,v,14,t,130.38,t,6,147.9,t,g,360,1332,+
120,a,20.75,10.335,?,u,g,cc,h,0.335,t,136,t,1,147.08,t,g,80,50,+
121,b,39.92,6.21,?,u,g,q,v,0.04,t,137.19,t,1,147.31,f,g,200,300,+
122,b,25.67,12.5,?,u,g,cc,v,1.21,t,134.85,t,67,147.86,t,g,140,258,+
123,a,24.75,12.5,133,u,g,aa,v,1.5,t,135.83,t,12,149.46,t,g,120,567,+
124,a,44.17,6.665,196,u,g,q,v,7.375,t,131.81,t,3,148.1,t,g,0,0,+
125,a,23.5,9,290,u,g,q,v,8.5,t,131.47,t,5,147.31,t,g,120,0,+
126,b,34.92,5,?,u,g,x,h,7.5,t,132.08,t,6,149.6,t,g,0,1000,+
127,b,47.67,2.5,?,u,g,m,bb,2.5,t,135.61,t,12,148,t,g,410,2510,+
128,b,22.75,11,199,u,g,q,v,2.5,t,134.74,t,7,148.99,t,g,100,809,+
129,b,34.42,4.25,?,u,g,i,bb,3.25,t,134.93,t,2,148.16,f,g,274,610,+
130,a,28.42,3.5,?,u,g,w,v,0.835,t,136.47,f,0,149.38,f,s,280,0,+
131,b,67.75,5.5,?,u,g,e,z,13,t,130.71,t,1,149.25,t,g,0,0,+
132,b,20.42,1.835,285,u,g,c,v,2.25,t,132.73,t,1,149.55,f,g,100,150,+
133,a,47.42,8,232,u,g,e,bb,6.5,t,133.33,t,6,146.96,f,g,375,51100,+
134,b,36.25,5,?,u,g,c,bb,2.5,t,134.59,t,6,149.03,f,g,0,367,+
135,b,32.67,5.5,289,u,g,q,h,5.5,t,133.3,t,12,147.76,t,g,408,1000,+
136,b,48.58,6.5,311,u,g,q,h,6,t,132.58,f,0,146.9,t,g,350,0,+
137,b,39.92,0.54,306,y,p,aa,v,0.5,t,136.31,t,3,147.97,f,g,200,1000,+
138,b,33.58,2.75,?,u,g,m,v,4.25,t,132.73,t,6,146.39,f,g,204,0,+
139,a,18.83,9.5,169,u,g,w,v,1.625,t,134.99,t,6,148.52,t,g,40,600,+
140,a,26.92,13.5,312,u,g,q,h,5,t,134.17,t,2,148.06,f,g,0,5000,+
141,a,31.25,3.75,143,u,g,cc,h,0.625,t,136.28,t,9,147.99,t,g,181,0,+
142,a,56.5,16,?,u,g,j,ff,0,t,135.75,t,15,148.14,f,g,0,247,+
143,b,43,0.29,?,y,p,cc,h,1.75,t,135.16,t,8,147.42,f,g,100,375,+
144,b,22.33,11,?,u,g,w,v,2,t,136,t,1,148.48,f,g,80,278,+
145,b,27.25,1.665,239,u,g,cc,h,5.085,t,132.96,t,9,147.26,f,g,399,827,+
146,b,32.83,2.5,338,u,g,cc,h,2.75,t,134.96,t,6,146.78,f,g,160,2072,+
147,b,23.25,1.5,297,u,g,q,v,2.375,t,135.38,t,3,148.27,t,g,0,582,+
148,a,40.33,7.54,243,y,p,q,h,8,t,131.32,t,14,147.28,f,g,0,2300,+
149,a,30.5,6.5,?,u,g,c,bb,4,t,134.21,t,7,147.18,t,g,0,3065,+
150,a,52.83,15,?,u,g,c,v,5.5,t,131.59,t,14,147.27,f,g,0,2200,+
151,a,46.67,0.46,318,u,g,cc,h,0.415,t,135.91,t,11,147.78,t,g,440,6,+
152,a,58.33,10,?,u,g,q,v,4,t,134.21,t,14,148.56,f,g,0,1602,+
153,b,37.33,6.5,?,u,g,m,h,4.25,t,135.19,t,12,147.97,t,g,93,0,+
154,b,23.08,2.5,?,u,g,c,v,1.085,t,135.56,t,11,146.79,t,g,60,2184,+
155,b,32.75,1.5,?,u,g,cc,h,5.5,t,134.03,t,3,147.01,t,g,0,0,+
156,a,21.67,11.5,?,y,p,j,j,0,t,135.75,t,11,148.04,t,g,0,0,+
157,a,28.5,3.04,?,y,p,x,h,2.54,t,134.32,t,1,146.75,f,g,70,0,+
158,a,68.67,15,318,u,g,e,z,0,t,135.2,t,14,148.16,f,g,0,3376,+
159,b,28,2,?,u,g,k,h,4.165,t,134.27,t,2,148.66,t,g,181,0,+
160,b,34.08,0.08,?,y,p,m,bb,0.04,t,136.95,t,1,146.6,t,g,280,2000,+
161,b,27.67,2,249,u,g,x,h,1,t,134.9,t,4,148.33,f,g,140,7544,+
162,b,44,2,?,u,g,m,v,1.75,t,134.59,t,2,147.66,t,g,0,15,+
163,b,25.08,1.71,?,u,g,x,v,1.665,t,136.16,t,1,148.57,t,g,395,20,+
164,b,32,1.75,?,y,p,e,h,0.04,t,134.58,f,0,147.45,t,g,393,0,+
165,a,60.58,16.5,245,u,g,q,v,11,t,131.5,f,0,148.57,t,g,21,10561,+
166,a,40.83,10,274,u,g,q,h,1.75,t,135.59,f,0,146.18,f,g,29,837,+
167,b,19.33,9.5,226,u,g,q,v,1,t,133.96,f,0,149.31,t,g,60,400,+
168,a,32.33,0.54,291,u,g,cc,v,0.04,t,134.95,f,0,147.9,f,g,440,11177,+
169,b,36.67,3.25,146,u,g,q,h,9,t,131.6,f,0,148.15,t,g,102,639,+
170,b,37.5,1.125,318,y,p,d,v,1.5,f,135.24,f,0,147.34,t,g,431,0,+
171,a,25.08,2.54,146,y,p,aa,v,0.25,t,136.02,f,0,147.44,t,g,370,0,+
172,b,41.33,0,?,u,g,c,bb,15,t,130.02,f,0,147.75,f,g,0,0,+
173,b,56,12.5,?,u,g,k,h,8,t,132.34,f,0,146.44,t,g,24,2028,+
174,a,49.83,13.585,243,u,g,k,h,8.5,t,132.51,f,0,149.23,t,g,0,0,+
175,b,22.67,10.5,?,u,g,q,h,1.335,t,133.49,f,0,147.83,f,g,100,0,+
176,b,27,1.5,?,y,p,w,v,0.375,t,135.46,f,0,148.97,t,g,260,1065,+
177,b,25,12.5,?,u,g,aa,v,3,t,134.56,f,0,148.56,t,s,20,0,+
178,a,26.08,8.665,?,u,g,aa,v,1.415,t,135.84,f,0,147.68,f,g,160,150,+
179,a,18.42,9.25,?,u,g,q,v,1.21,t,134.5,t,4,148.96,f,g,60,540,+
180,b,20.17,8.17,?,u,g,aa,v,1.96,t,134.36,t,14,147.93,f,g,60,158,+
181,b,47.67,0.29,?,u,g,c,bb,15,t,130.48,t,20,147.79,f,g,0,15000,+
182,a,21.25,2.335,226,u,g,i,bb,0.5,t,135.37,t,4,148.67,f,s,80,0,+
183,a,20.67,3,247,u,g,q,v,0.165,t,134.95,t,3,147.26,f,g,100,6,+
184,a,57.08,19.5,?,u,g,c,v,5.5,t,132.62,t,7,148.01,f,g,0,3000,+
185,a,22.42,5.665,?,u,g,q,v,2.585,t,134.99,t,7,147.31,f,g,129,3257,+
186,b,48.75,8.5,?,u,g,c,h,12.5,t,130.31,t,9,148.56,f,g,181,1655,+
187,b,40,6.5,203,u,g,aa,bb,3.5,t,134.45,t,1,147.98,f,g,0,500,+
188,b,40.58,5,277,u,g,c,v,5,t,132.72,t,7,147.72,f,g,0,3065,+
189,a,28.67,1.04,?,u,g,c,v,2.5,t,134.82,t,5,148.68,t,g,300,1430,+
190,a,33.08,4.625,257,u,g,q,h,1.625,t,134.39,t,2,148.02,f,g,0,0,+
191,b,21.33,10.5,197,u,g,c,v,3,t,135.53,f,0,147.36,t,g,0,0,+
192,b,42,0.205,?,u,g,i,h,5.125,t,132.99,f,0,147.68,f,g,400,0,+
193,b,41.75,0.96,?,u,g,x,v,2.5,t,134.94,f,0,147.18,f,g,510,600,+
194,b,22.67,1.585,289,y,p,w,v,3.085,t,134.16,t,6,148.25,f,g,80,0,+
195,b,34.5,4.04,233,y,p,i,bb,8.5,t,132.22,t,7,147.88,t,g,195,0,+
196,b,28.25,5.04,?,y,p,c,bb,1.5,t,135.35,t,8,147.96,t,g,144,7,+
197,b,33.17,3.165,?,y,p,x,v,3.165,t,135.95,t,3,148,t,g,380,0,+
198,b,48.17,7.625,?,u,g,w,h,15.5,t,129.35,t,12,147.45,f,g,0,790,+
199,b,27.58,2.04,232,y,p,aa,v,2,t,134.41,t,3,147.3,t,g,370,560,+
200,b,22.58,10.04,165,u,g,x,v,0.04,t,136.19,t,9,148.9,f,g,60,396,+
201,a,24.08,0.5,?,u,g,q,h,1.25,t,135.11,t,1,147.02,f,g,0,678,+
202,a,41.33,1,?,u,g,i,bb,2.25,t,134.16,f,0,147.88,t,g,0,300,+
203,b,24.83,2.75,?,u,g,c,v,2.25,t,136.11,t,6,147.51,f,g,?,600,+
204,a,20.75,10.25,?,u,g,q,v,0.71,t,135.62,t,2,148.83,t,g,49,0,+
205,b,36.33,2.125,?,y,p,w,v,0.085,t,135.22,t,1,148.37,f,g,50,1187,+
206,a,35.42,12,267,u,g,q,h,14,t,130.5,t,8,147.58,f,g,0,6590,+
207,a,71.58,0,?,?,?,?,?,0,f,136.81,f,0,148.34,f,p,?,0,+
208,b,28.67,9.335,334,u,g,q,h,5.665,t,133.53,t,6,148.03,f,g,381,168,+
209,b,35.17,2.5,142,u,g,k,v,4.5,t,134.18,t,7,148.07,f,g,150,1270,+
210,b,39.5,4.25,?,u,g,c,bb,6.5,t,133.58,t,16,147.82,f,g,117,1210,+
211,b,39.33,5.875,?,u,g,cc,h,10,t,133.07,t,14,147.32,t,g,399,0,+
212,b,24.33,6.625,?,y,p,d,v,5.5,t,133.23,f,0,147.29,t,s,100,0,+
213,b,60.08,14.5,?,u,g,ff,ff,18,t,129.65,t,15,148.22,t,g,0,1000,+
214,b,23.08,11.5,?,u,g,i,v,3.5,t,134.65,t,9,147.83,f,g,56,742,+
215,b,26.67,2.71,?,y,p,cc,v,5.25,t,133.58,t,1,148.86,f,g,211,0,+
216,b,48.17,3.5,309,u,g,aa,v,3.5,t,134.4,f,0,148.66,f,s,230,0,+
217,b,41.17,4.04,176,u,g,cc,h,7,t,132.33,t,8,148.95,f,g,320,0,+
218,b,55.92,11.5,336,u,g,ff,ff,5,t,133.5,t,5,148.94,f,g,0,8851,+
219,b,53.92,9.625,227,u,g,e,v,8.665,t,131.23,t,5,148.51,f,g,0,0,+
220,a,18.92,9.25,?,y,p,c,v,1,t,134.54,t,4,148.82,t,g,80,500,+
221,a,50.08,12.54,238,u,g,aa,v,2.29,t,135.61,t,3,145.43,t,g,156,0,+
222,b,65.42,11,259,u,g,e,z,20,t,127.97,t,7,149.21,t,g,22,0,+
223,a,17.58,9,329,u,g,aa,v,1.375,t,136.8,f,0,146.83,t,g,0,0,+
224,a,18.83,9.54,180,u,g,aa,v,0.085,t,136.85,f,0,147.53,f,g,100,0,+
225,a,37.75,5.5,256,u,g,q,v,0.125,t,134.47,f,0,149.81,t,g,228,0,+
226,b,23.25,4,136,u,g,c,bb,0.25,t,134.87,f,0,149.06,t,g,160,0,+
227,b,18.08,5.5,194,u,g,k,v,0.5,t,136.37,f,0,148.53,f,g,80,0,+
228,a,22.5,8.46,?,y,p,x,v,2.46,f,134.53,f,0,149.75,f,g,164,0,+
229,b,19.67,0.375,?,u,g,q,v,2,t,134.63,t,2,147.03,t,g,80,0,+
230,b,22.08,11,280,u,g,cc,v,0.665,t,136.07,f,0,147.24,f,g,100,0,+
231,b,25.17,3.5,?,u,g,cc,v,0.625,t,136.7,t,7,149.7,f,g,0,7059,+
232,a,47.42,3,251,u,g,x,v,13.875,t,130.43,t,2,148.02,t,g,519,1704,+
233,b,33.5,1.75,288,u,g,x,h,4.5,t,133.48,t,4,147.79,t,g,253,857,+
234,b,27.67,13.75,254,u,g,w,v,5.75,t,132.96,f,0,148.64,t,g,487,500,+
235,a,58.42,21,?,u,g,i,bb,10,t,131.46,t,13,147.2,f,g,0,6700,+
236,a,20.67,1.835,222,u,g,q,v,2.085,t,134.75,t,5,147.76,f,g,220,2503,+
237,b,26.17,0.25,187,u,g,i,bb,0,t,135.75,f,0,148.79,t,g,0,0,+
238,b,21.33,7.5,?,u,g,aa,v,1.415,t,134.49,t,1,147.57,f,g,80,9800,+
239,b,42.83,4.625,332,u,g,q,v,4.58,t,133.45,f,0,148.04,f,s,0,0,+
240,b,38.17,10.125,?,u,g,x,v,2.5,t,134.2,t,6,147.2,f,g,520,196,+
241,b,20.5,10,?,y,p,c,v,2.5,t,136.85,f,0,148.67,f,s,40,0,+
242,b,48.25,25.085,151,u,g,w,v,1.75,t,134.61,t,3,146.99,f,g,120,14,+
243,b,28.33,5,?,u,g,w,v,11,t,131.4,f,0,148.54,t,g,70,0,+
244,a,18.75,7.5,?,u,g,q,v,2.71,t,134.52,t,5,147.47,f,g,?,26726,+
245,b,18.5,2,246,u,g,i,v,1.5,t,133.39,t,2,147.11,f,g,120,300,+
246,b,33.17,3.04,?,y,p,c,h,2.04,t,134.28,t,1,148.73,t,g,180,18027,+
247,b,45,8.5,190,u,g,cc,h,14,t,129.27,t,1,149.44,t,g,88,2000,+
248,a,19.67,0.21,?,u,g,q,h,0.29,t,137.59,t,11,148.66,f,g,80,99,+
249,?,24.5,12.75,127,u,g,c,bb,4.75,t,133.93,t,2,146.74,f,g,73,444,+
250,b,21.83,11,?,u,g,x,v,0.29,t,134.47,t,6,148.67,f,g,121,0,+
251,b,40.25,21.5,?,u,g,e,z,20,t,128.69,t,11,147.81,f,g,0,1200,+
252,b,41.42,5,?,u,g,q,h,5,t,133.11,t,6,149.05,t,g,470,0,+
253,a,17.83,11,?,u,g,x,h,1,t,136.39,t,11,146.49,f,g,0,3000,+
254,b,23.17,11.125,?,u,g,x,h,0.46,t,135.21,t,1,148.49,f,g,100,0,+
255,b,?,0.625,?,u,g,k,v,0.25,f,135.18,f,0,147.93,f,g,380,2010,-
256,b,18.17,10.25,300,u,g,c,h,1.085,f,135.85,f,0,148.06,f,g,320,13,-
257,b,20,11.045,268,u,g,c,v,2,f,134.4,f,0,148.26,t,g,136,0,-
258,b,20,0,329,u,g,d,v,0.5,f,136.1,f,0,149.13,f,g,144,0,-
259,a,20.75,9.54,?,u,g,i,v,0.04,f,136.53,f,0,148.05,f,g,200,1000,-
260,a,24.5,1.75,192,y,p,c,v,0.165,f,135.71,f,0,148.15,f,g,132,0,-
261,b,32.75,2.335,277,u,g,d,h,5.75,f,134.81,f,0,146.96,t,g,292,0,-
262,a,52.17,0,220,y,p,ff,ff,0,f,134.52,f,0,147.73,f,g,0,0,-
263,a,48.17,1.335,178,u,g,i,o,0.335,f,135.24,f,0,149.88,f,g,0,120,-
264,a,20.42,10.5,247,y,p,x,h,0,f,136.27,f,0,148.87,t,g,154,32,-
265,b,50.75,0.585,?,u,g,ff,ff,0,f,135.48,f,0,148.27,f,g,145,0,-
266,b,17.08,0.085,?,y,p,c,v,0.04,f,135.13,f,0,147.42,f,g,140,722,-
267,b,18.33,1.21,336,y,p,e,dd,0,f,136.18,f,0,147.14,f,g,100,0,-
268,a,32,6,?,u,g,d,v,1.25,f,135.14,f,0,148.66,f,g,272,0,-
269,b,59.67,1.54,250,u,g,q,v,0.125,t,134.93,f,0,147.71,t,g,260,0,+
270,b,18,0.165,134,u,g,q,n,0.21,f,136.06,f,0,147.93,f,g,200,40,+
271,b,37.58,0,150,?,?,?,?,0,f,136.4,f,0,148.24,f,p,?,0,+
272,b,32.33,2.5,?,u,g,c,v,1.25,f,134.7,f,0,149.11,t,g,280,0,-
273,b,18.08,6.75,?,y,p,m,v,0.04,f,136.07,f,0,148.95,f,g,140,0,-
274,b,38.25,10.125,316,y,p,k,v,0.125,f,136.35,f,0,147.22,f,g,160,0,-
275,b,30.67,2.5,203,u,g,cc,h,2.25,f,134.53,f,0,147.92,t,s,340,0,-
276,b,18.58,5.71,239,u,g,d,v,0.54,f,136.47,f,0,147.93,f,g,120,0,-
277,a,19.17,5.415,?,u,g,i,h,0.29,f,135.01,f,0,148.86,f,g,80,484,-
278,a,18.17,10,?,y,p,q,h,0.165,f,135.09,f,0,148.8,f,g,340,0,-
279,b,24.58,13.5,160,y,p,ff,ff,0,f,134.27,f,0,149.06,f,g,?,0,-
280,b,16.25,0.835,?,u,g,m,v,0.085,t,136.05,f,0,148.39,f,s,200,0,-
281,b,21.17,0.875,319,y,p,c,h,0.25,f,135.33,f,0,149.16,f,g,280,204,-
282,b,23.92,0.585,?,y,p,cc,h,0.125,f,136.27,f,0,147.58,f,g,240,1,-
283,b,17.67,4.46,?,u,g,c,v,0.25,f,135.34,f,0,148.55,f,s,80,0,-
284,a,16.5,1.25,?,u,g,q,v,0.25,f,134.46,t,1,147.69,f,g,108,98,-
285,b,23.25,12.625,167,u,g,c,v,0.125,f,134.82,t,2,147.95,f,g,0,5552,-
286,b,17.58,10,?,u,g,w,h,0.165,f,135.51,t,1,147.2,f,g,120,1,-
287,a,?,1.5,249,u,g,ff,ff,0,f,135.66,t,2,147.13,t,g,200,105,-
288,b,29.5,0.58,321,u,g,w,v,0.29,f,136.1,t,1,147.93,f,g,340,2803,-
289,b,18.83,0.415,212,y,p,c,v,0.165,f,135.5,t,1,149.46,f,g,200,1,-
290,a,21.75,1.75,230,y,p,j,j,0,f,136.24,f,0,148.6,f,g,160,0,-
291,b,23,0.75,298,u,g,m,v,0.5,f,136.53,f,0,147.55,t,s,320,0,-
292,a,18.25,10,249,u,g,w,v,1,f,134.43,t,1,148.4,f,g,120,1,-
293,b,25.42,0.54,?,u,g,w,v,0.165,f,134.52,t,1,147.42,f,g,272,444,-
294,b,35.75,2.415,?,u,g,w,v,0.125,f,135.63,t,2,149.57,f,g,220,1,-
295,a,16.08,0.335,150,u,g,ff,ff,0,f,136.66,t,1,148.46,f,g,160,126,-
296,a,31.92,3.125,?,u,g,ff,ff,3.04,f,135.79,t,2,149.1,t,g,200,4,-
297,b,69.17,9,251,u,g,ff,ff,4,f,135,t,1,148.03,f,g,70,6,-
298,b,32.92,2.5,?,u,g,aa,v,1.75,f,134.15,t,2,147.26,t,g,720,0,-
299,b,16.33,2.75,?,u,g,aa,v,0.665,f,135.41,t,1,148.05,f,g,80,21,-
300,b,22.17,12.125,?,u,g,c,v,3.335,f,134.54,t,2,146.98,t,g,180,173,-
301,a,57.58,2,216,u,g,ff,ff,6.5,f,133.7,t,1,148.25,f,g,0,10,-
302,b,18.25,0.165,?,u,g,d,v,0.25,f,137.47,f,0,147.91,t,s,280,0,-
303,b,23.42,1,?,u,g,c,v,0.5,f,136.18,f,0,148.03,t,s,280,0,-
304,a,15.92,2.875,172,u,g,q,v,0.085,f,136.03,f,0,147.12,f,g,120,0,-
305,a,24.75,13.665,281,u,g,q,h,1.5,f,135,f,0,150.11,f,g,280,1,-
306,b,48.75,26.335,298,y,p,ff,ff,0,t,136.84,f,0,149.19,t,g,0,0,-
307,b,23.5,2.75,139,u,g,ff,ff,4.5,f,134.49,f,0,148.16,f,g,160,25,-
308,b,18.58,10.29,?,u,g,ff,ff,0.415,f,134.78,f,0,147.1,f,g,80,0,-
309,b,27.75,1.29,223,u,g,k,h,0.25,f,135.05,f,0,147.71,t,s,140,0,-
310,a,31.75,3,306,y,p,j,j,0,f,136.51,f,0,146.91,f,g,160,20,-
311,a,24.83,4.5,292,u,g,w,v,1,f,134.4,f,0,148.24,t,g,360,6,-
312,b,19,1.75,289,y,p,c,v,2.335,f,135.21,f,0,148.25,t,g,112,6,-
313,a,16.33,0.21,157,u,g,aa,v,0.125,f,136.03,f,0,147.74,f,g,200,1,-
314,a,18.58,10,169,u,g,d,v,0.415,f,134.85,f,0,148.41,f,g,80,42,-
315,b,16.25,0,?,y,p,aa,v,0.25,f,136.68,f,0,148.15,f,g,60,0,-
316,b,23,0.75,203,u,g,m,v,0.5,t,134.72,f,0,147.71,t,s,320,0,-
317,b,21.17,0.25,209,y,p,c,h,0.25,f,136.47,f,0,148.74,f,g,280,204,-
318,b,17.5,22,214,l,gg,ff,o,0,f,135.62,f,0,147.3,t,p,450,100000,+
319,b,19.17,0,279,y,p,m,bb,0,f,135.82,f,0,147.7,t,s,500,1,+
320,b,36.75,0.125,254,y,p,c,v,1.5,f,135.17,f,0,148.47,t,g,232,113,+
321,b,21.25,1.5,?,u,g,w,v,1.5,f,135.16,f,0,147.31,f,g,150,8,+
322,a,18.08,0.375,?,l,gg,cc,ff,10,f,131.6,f,0,148.18,t,s,300,0,+
323,a,33.67,0.375,135,u,g,cc,v,0.375,f,136.17,f,0,147.68,f,g,300,44,+
324,b,48.58,0.205,262,y,p,k,v,0.25,t,135.41,t,11,146.61,f,g,380,2732,+
325,b,33.67,1.25,320,u,g,w,v,1.165,f,134.56,f,0,148.1,f,g,120,0,-
326,a,29.5,1.085,273,y,p,x,v,1,f,136.13,f,0,148.03,f,g,280,13,-
327,b,30.17,1.085,212,y,p,c,v,0.04,f,135.42,f,0,148.36,f,g,170,179,-
328,?,40.83,3.5,332,u,g,i,bb,0.5,f,135.36,f,0,147.26,f,s,1160,0,-
329,b,34.83,2.5,153,y,p,w,v,3,f,134.55,f,0,148.35,f,s,200,0,-
330,b,?,4,259,y,p,i,v,0.085,f,135.2,f,0,147.35,t,g,411,0,-
331,b,20.42,0,188,?,?,?,?,0,f,136.1,f,0,146.7,f,p,?,0,-
332,a,33.25,2.5,?,y,p,c,v,2.5,f,134.24,f,0,148.32,t,g,0,2,-
333,b,34.08,2.5,184,u,g,c,v,1,f,134.92,f,0,147.57,f,g,460,16,-
334,a,25.25,12.5,?,u,g,d,v,1,f,135.73,f,0,147.72,t,g,180,1062,-
335,b,34.75,2.5,?,u,g,cc,bb,0.5,f,136.81,f,0,149.01,f,g,348,0,-
336,b,27.67,0.75,?,u,g,q,h,0.165,f,136.71,f,0,147.07,t,g,220,251,-
337,b,47.33,6.5,?,u,g,c,v,1,f,135.77,f,0,147.98,t,g,0,228,-
338,a,34.83,1.25,?,y,p,i,h,0.5,f,135.29,f,0,148.55,t,g,160,0,-
339,a,33.25,3,?,y,p,aa,v,2,f,134.84,f,0,148.2,f,g,180,0,-
340,b,28,3,?,u,g,w,v,0.75,f,135.78,f,0,146.64,t,g,300,67,-
341,a,39.08,4,137,u,g,c,v,3,f,134.8,f,0,147.73,f,g,480,0,-
342,b,42.75,4.085,286,u,g,aa,v,0.04,f,135.63,f,0,148.59,f,g,108,100,-
343,b,26.92,2.25,337,u,g,i,bb,0.5,f,134.89,f,0,147.62,t,g,640,4000,-
344,b,33.75,2.75,290,u,g,i,bb,0,f,136.24,f,0,148.13,f,g,180,0,-
345,b,38.92,1.75,250,u,g,k,v,0.5,f,135.92,f,0,148.51,t,g,300,2,-
346,b,62.75,7,?,u,g,e,z,0,f,136.53,f,0,147.73,f,g,0,12,-
347,?,32.25,1.5,?,u,g,c,v,0.25,f,136.86,f,0,147.8,t,g,372,122,-
348,b,26.75,4.5,?,y,p,c,bb,2.5,f,134.77,f,0,147.68,f,g,200,1210,-
349,b,63.33,0.54,332,u,g,c,v,0.585,t,135.09,t,3,147.54,t,g,180,0,-
350,b,27.83,1.5,?,u,g,w,v,2.25,f,135.04,t,1,147.75,t,g,100,3,-
351,a,26.17,2,?,u,g,j,j,0,f,136.82,f,0,148.95,t,g,276,1,-
352,b,22.17,0.585,?,y,p,ff,ff,0,f,135.74,f,0,148.73,f,g,100,0,-
353,b,22.5,11.5,?,y,p,m,v,1.5,f,136.34,f,0,149.27,t,g,0,4000,-
354,b,30.75,1.585,?,u,g,d,v,0.585,f,136.51,f,0,148.85,t,s,0,0,-
355,b,36.67,2,?,u,g,i,v,0.25,f,135.87,f,0,148.75,t,g,221,0,-
356,a,16,0.165,?,u,g,aa,v,1,f,135.69,t,2,148.22,t,g,320,1,-
357,b,41.17,1.335,?,u,g,d,v,0.165,f,135.17,f,0,148.97,f,g,168,0,-
358,a,19.5,0.165,298,u,g,q,v,0.04,f,135.21,f,0,148.32,t,g,380,0,-
359,b,32.42,3,155,u,g,d,v,0.165,f,135.28,f,0,147.49,t,g,120,0,-
360,a,36.75,4.71,174,u,g,ff,ff,0,f,134.64,f,0,147.58,f,g,160,0,-
361,a,30.25,5.5,130,u,g,k,v,5.5,f,134.45,f,0,148.01,t,s,100,0,-
362,b,23.08,2.5,325,u,g,ff,ff,0.085,f,134.02,f,0,147.9,t,g,100,4208,-
363,b,26.83,0.54,268,u,g,k,ff,0,f,135.14,f,0,147.33,f,g,100,0,-
364,b,16.92,0.335,?,y,p,k,v,0.29,f,136.79,f,0,148.8,f,s,200,0,-
365,b,24.42,2,248,u,g,e,dd,0.165,f,135.09,t,2,148.16,f,g,320,1300,-
366,b,42.83,1.25,239,u,g,m,v,13.875,f,128.62,t,1,146.21,t,g,352,112,-
367,a,22.75,6.165,148,u,g,aa,v,0.165,f,135.78,f,0,148.21,f,g,220,1000,-
368,b,39.42,1.71,228,y,p,m,v,0.165,f,136.09,f,0,148.69,f,s,400,0,-
369,a,23.58,11.5,259,y,p,k,h,3,f,133.11,f,0,148.78,t,g,20,16,-
370,b,21.42,0.75,?,y,p,r,n,0.75,f,135.7,f,0,147.56,t,g,132,2,-
371,b,33,2.5,?,y,p,w,v,7,f,132.22,f,0,147.91,t,g,280,0,-
372,b,26.33,13,?,u,g,e,dd,0,f,135.82,f,0,147.64,t,g,140,1110,-
373,a,45,4.585,315,u,g,k,h,1,f,134.98,f,0,147.08,t,s,240,0,-
374,b,26.25,1.54,130,u,g,w,v,0.125,f,134.58,f,0,147.62,f,g,100,0,-
375,?,28.17,0.585,?,u,g,aa,v,0.04,f,136.92,f,0,147.37,f,g,260,1004,-
376,a,20.83,0.5,?,y,p,e,dd,1,f,135.69,f,0,149.54,f,g,260,0,-
377,b,28.67,14.5,?,u,g,d,v,0.125,f,135.91,f,0,147.75,f,g,0,286,-
378,b,20.67,0.835,258,y,p,c,v,2,f,133.91,f,0,145.95,t,s,240,0,-
379,b,34.42,1.335,?,u,g,i,bb,0.125,f,135.71,f,0,148.08,t,g,440,4500,-
380,b,33.58,0.25,?,u,g,i,bb,4,f,135.64,f,0,148.88,t,s,420,0,-
381,b,43.17,5,302,u,g,i,bb,2.25,f,134.27,f,0,146.85,t,g,141,0,-
382,a,22.67,7,?,u,g,c,v,0.165,f,135.53,f,0,147.18,f,g,160,0,-
383,a,24.33,2.5,?,y,p,i,bb,4.5,f,133.16,f,0,147.41,f,g,200,456,-
384,a,56.83,4.25,250,y,p,ff,ff,5,f,132.72,f,0,148.38,t,g,0,4,-
385,b,22.08,11.46,153,u,g,k,v,1.585,f,134.23,f,0,147.48,t,g,100,1212,-
386,b,34,5.5,259,y,p,c,v,1.5,f,135.9,f,0,148.23,t,g,60,0,-
387,b,22.58,1.5,?,y,p,aa,v,0.54,f,134.91,f,0,147.12,t,g,120,67,-
388,b,21.17,0,?,u,g,c,v,0.5,f,135.38,f,0,146.49,t,s,0,0,-
389,b,26.67,14.585,?,u,g,i,bb,0,f,135.23,f,0,146.97,t,g,178,0,-
390,b,22.92,0.17,?,u,g,m,v,0.085,f,136.3,f,0,148.12,f,s,0,0,-
391,b,15.17,7,?,u,g,e,v,1,f,135.07,f,0,147.36,f,g,600,0,-
392,b,39.92,5,?,u,g,i,bb,0.21,f,134.96,f,0,148.36,f,g,550,0,-
393,b,27.42,12.5,285,u,g,aa,bb,0.25,f,136.62,f,0,148.69,t,g,720,0,-
394,b,24.75,0.54,?,u,g,m,v,1,f,133.63,f,0,146.96,t,g,120,1,-
395,b,41.17,1.25,211,y,p,w,v,0.25,f,135.29,f,0,148.68,f,g,0,195,-
396,a,33.08,1.625,?,u,g,d,v,0.54,f,134.73,f,0,148.79,t,g,0,0,-
397,b,29.83,2.04,261,y,p,x,h,0.04,f,135.02,f,0,148.11,f,g,128,1,-
398,a,23.58,0.585,273,y,p,ff,ff,0.125,f,136.45,f,0,148.05,f,g,120,87,-
399,b,26.17,12.5,233,y,p,k,h,1.25,f,134.7,f,0,149.26,t,g,0,17,-
400,b,31,2.085,?,u,g,c,v,0.085,f,135.75,f,0,148.04,f,g,300,0,-
401,b,20.75,5.085,313,y,p,j,v,0.29,f,136.13,f,0,147.75,f,g,140,184,-
402,b,28.92,0.375,?,u,g,c,v,0.29,f,134.81,f,0,147.51,f,g,220,140,-
403,a,51.92,6.5,338,u,g,i,bb,3.085,f,135.24,f,0,148.04,t,g,73,0,-
404,a,22.67,0.335,?,u,g,q,v,0.75,f,135.28,f,0,147.98,f,s,160,0,-
405,b,34,5.085,?,y,p,i,bb,1.085,f,133.96,f,0,147.97,t,g,480,0,-
406,a,69.5,6,211,u,g,ff,ff,0,f,135.42,f,0,147.13,f,s,0,0,-
407,a,40.33,8.125,259,y,p,k,v,0.165,f,136.19,t,2,147.19,f,g,?,18,-
408,a,19.58,0.665,322,y,p,c,v,1,f,134.07,t,1,148.71,f,g,2000,2,-
409,b,16,3.125,?,u,g,w,v,0.085,f,135.79,t,1,147.63,f,g,0,6,-
410,b,17.08,0.25,?,u,g,q,v,0.335,f,135.66,t,4,149.93,f,g,160,8,-
411,b,31.25,2.835,295,u,g,ff,ff,0,f,134.07,t,5,147.39,f,g,176,146,-
412,b,25.17,3,259,u,g,c,v,1.25,f,134.66,t,1,147.52,f,g,0,22,-
413,a,22.67,0.79,322,u,g,i,v,0.085,f,136.33,f,0,148.97,f,g,144,0,-
414,b,40.58,1.5,277,u,g,i,bb,0,f,135.44,f,0,148.13,f,s,300,0,-
415,b,22.25,0.46,?,u,g,k,v,0.125,f,136.02,f,0,147.81,t,g,280,55,-
416,a,22.25,1.25,224,y,p,ff,ff,3.25,f,135.32,f,0,146.81,f,g,280,0,-
417,b,22.5,0.125,138,y,p,k,v,0.125,f,135.74,f,0,148.19,f,g,200,70,-
418,b,23.58,1.79,?,u,g,c,v,0.54,f,135.7,f,0,148.14,t,g,136,1,-
419,b,38.42,0.705,244,u,g,c,v,0.375,f,134.79,t,2,149.39,f,g,225,500,-
420,a,26.58,2.54,?,y,p,ff,ff,0,f,134.83,f,0,148.51,t,g,180,60,-
421,b,35,2.5,165,u,g,i,v,1,f,135.38,f,0,147.95,t,g,210,0,-
422,b,20.42,1.085,?,u,g,q,v,1.5,f,134.33,f,0,147.48,f,g,108,7,-
423,b,29.42,1.25,?,u,g,w,v,1.75,f,135.63,f,0,147.66,f,g,200,0,-
424,b,26.17,0.835,294,u,g,cc,v,1.165,f,135.37,f,0,147.54,f,g,100,0,-
425,b,33.67,2.165,?,u,g,c,v,1.5,f,136.25,f,0,147.12,f,p,120,0,-
426,b,24.58,1.25,237,u,g,c,v,0.25,f,135.42,f,0,147.65,f,g,110,0,-
427,a,27.67,2.04,?,u,g,w,v,0.25,f,135.34,f,0,147.9,t,g,180,50,-
428,b,37.5,0.835,286,u,g,e,v,0.04,f,135.51,f,0,147.05,f,g,120,5,-
429,b,49.17,2.29,173,u,g,ff,ff,0.29,f,136.08,f,0,147.75,f,g,200,3,-
430,b,33.58,0.335,155,y,p,cc,v,0.085,f,134.56,f,0,148.27,f,g,180,0,-
431,b,51.83,3,?,y,p,ff,ff,1.5,f,133.61,f,0,149.08,f,g,180,4,-
432,b,22.92,3.165,126,y,p,c,v,0.165,f,134.24,f,0,149.73,f,g,160,1058,-
433,b,21.83,1.54,158,u,g,k,v,0.085,f,135.48,f,0,147.7,t,g,356,0,-
434,b,25.25,1,287,u,g,aa,v,0.5,f,136.65,f,0,147.94,f,g,200,0,-
435,b,58.58,2.71,131,u,g,c,v,2.415,f,134.79,f,0,147.68,t,g,320,0,-
436,b,19,0,?,y,p,ff,ff,0,f,136.09,t,4,148.73,f,g,45,1,-
437,b,19.58,0.585,?,u,g,ff,ff,0,f,135.56,t,3,146.75,f,g,350,769,-
438,a,53.33,0.165,?,u,g,ff,ff,0,f,135.24,f,0,149.78,t,s,62,27,-
439,a,27.17,1.25,338,u,g,ff,ff,0,f,135.8,t,1,148.86,f,g,92,300,-
440,b,25.92,0.875,311,u,g,k,v,0.375,f,134.54,t,2,148.42,t,g,174,3,-
441,b,23.08,0,?,u,g,k,v,1,f,137.31,t,11,147.62,f,s,0,0,-
442,b,39.58,5,?,u,g,ff,ff,0,f,135.2,t,2,148.62,f,g,17,1,-
443,b,30.58,2.71,?,y,p,m,v,0.125,f,134.14,f,0,145.55,t,s,80,0,-
444,b,17.25,3,?,u,g,k,v,0.04,f,136.72,f,0,148.12,t,g,160,40,-
445,a,17.67,0,?,y,p,j,ff,0,f,135.24,f,0,148.71,f,g,86,0,-
446,a,?,11.25,?,u,g,ff,ff,0,f,135.12,f,0,149.22,f,g,?,5200,-
447,b,16.5,0.125,?,u,g,c,v,0.165,f,135.95,f,0,148.4,f,g,132,0,-
448,a,27.33,1.665,243,u,g,ff,ff,0,f,135.13,f,0,147.93,f,g,340,1,-
449,b,31.25,1.125,?,u,g,ff,ff,0,f,136.69,t,1,148.55,f,g,96,19,-
450,b,20,7,268,u,g,c,v,0.5,f,135.04,f,0,148.03,f,g,0,0,-
451,b,?,3,317,y,p,i,bb,7,f,132.38,f,0,149.04,f,g,0,1,-
452,b,39.5,1.625,184,u,g,c,v,1.5,f,136.44,f,0,148.03,f,g,0,316,-
453,b,36.5,4.25,152,u,g,q,v,3.5,f,135.04,f,0,147.97,f,g,454,50,-
454,?,29.75,0.665,?,u,g,w,v,0.25,f,135.42,f,0,146.78,t,g,300,0,-
455,b,52.42,1.5,?,u,g,d,v,3.75,f,134.46,f,0,147.6,t,g,0,350,-
456,b,36.17,18.125,291,u,g,w,v,0.085,f,135.92,f,0,148.48,f,g,320,3552,-
457,b,34.58,0,242,?,?,?,?,0,f,135.99,f,0,148.62,f,p,?,0,-
458,b,29.67,0.75,?,y,p,c,v,0.04,f,135.61,f,0,147.1,f,g,240,0,-
459,b,36.17,5.5,?,u,g,i,bb,5,f,133.12,f,0,147.09,f,g,210,687,-
460,b,25.67,0.29,?,y,p,c,v,1.5,f,134.59,f,0,147.1,t,g,160,0,-
461,a,24.5,2.415,219,y,p,c,v,0,f,135.56,f,0,148.83,f,g,120,0,-
462,b,24.08,0.875,?,u,g,m,v,0.085,f,135.82,t,4,150.01,f,g,254,1950,-
463,b,21.92,0.5,?,u,g,c,v,0.125,f,136.28,f,0,147.61,f,g,360,0,-
464,a,36.58,0.29,319,u,g,ff,ff,0,f,134.64,t,10,148.25,f,g,200,18,-
465,a,23,1.835,258,u,g,j,j,0,f,137.59,t,1,147.94,f,g,200,53,-
466,a,27.58,3,134,u,g,m,v,2.79,f,134.03,t,1,147.96,t,g,280,10,-
467,b,31.08,3.085,?,u,g,c,v,2.5,f,133.88,t,2,146.03,t,g,160,41,-
468,a,30.42,1.375,?,u,g,w,h,0.04,f,136.1,t,3,147.96,f,g,0,33,-
469,b,22.08,2.335,166,u,g,k,v,0.75,f,134.29,f,0,146.92,f,g,180,0,-
470,b,16.33,4.085,254,u,g,i,h,0.415,f,135,f,0,148.99,t,g,120,0,-
471,a,21.92,11.665,298,u,g,k,h,0.085,f,136.95,f,0,147.33,f,g,320,5,-
472,b,21.08,4.125,?,y,p,i,h,0.04,f,135.33,f,0,147.82,f,g,140,100,-
473,b,17.42,6.5,?,u,g,i,v,0.125,f,135.43,f,0,147.13,f,g,60,100,-
474,b,19.17,4,?,y,p,i,v,1,f,134.69,f,0,148.31,t,g,360,1000,-
475,b,20.67,0.415,292,u,g,c,v,0.125,f,134.8,f,0,147.65,f,g,0,44,-
476,b,26.75,2,?,u,g,d,v,0.75,f,136.17,f,0,146.79,t,g,80,0,-
477,b,23.58,0.835,?,u,g,i,h,0.085,f,136.82,f,0,147.83,t,g,220,5,-
478,b,39.17,2.5,?,y,p,i,h,10,f,131.6,f,0,146.77,t,s,200,0,-
479,b,22.75,11.5,218,u,g,i,v,0.415,f,135.23,f,0,148.17,f,g,0,0,-
480,?,26.5,2.71,178,y,p,?,?,0.085,f,136.02,f,0,150.44,f,s,80,0,-
481,a,16.92,0.5,168,u,g,i,v,0.165,f,135.83,t,6,148.95,t,g,240,35,-
482,b,23.5,3.165,?,y,p,k,v,0.415,f,133.91,t,1,146.94,t,g,280,80,-
483,a,17.33,9.5,335,u,g,aa,v,1.75,f,134.08,t,10,146.88,t,g,0,10,-
484,b,23.75,0.415,?,y,p,c,v,0.04,f,135.8,t,2,147.73,f,g,128,6,-
485,b,34.67,1.08,?,u,g,m,v,1.165,f,135.87,f,0,148.72,f,s,28,0,-
486,b,74.83,19,?,y,p,ff,ff,0.04,f,135.18,t,2,147.79,f,g,0,351,-
487,b,28.17,0.125,?,y,p,k,v,0.085,f,135.06,f,0,149.15,f,g,216,2100,-
488,b,24.5,13.335,211,y,p,aa,v,0.04,f,135.77,f,0,148.79,t,g,120,475,-
489,b,18.83,3.54,242,y,p,ff,ff,0,f,136.28,f,0,148.51,t,g,180,1,-
490,?,45.33,1,150,u,g,q,v,0.125,f,136.73,f,0,148.43,t,g,263,0,-
491,a,47.25,0.75,?,u,g,q,h,2.75,t,133.15,t,1,148.34,f,g,333,892,+
492,b,24.17,0.875,?,u,g,q,v,4.625,t,134.57,t,2,147.45,t,g,520,2000,+
493,b,39.25,9.5,?,u,g,m,v,6.5,t,131.52,t,14,148.84,f,g,240,4607,+
494,a,20.5,11.835,136,u,g,c,h,6,t,132.69,f,0,147.81,f,g,340,0,+
495,a,18.83,4.415,198,y,p,c,h,3,t,134.27,f,0,148.35,f,g,240,0,+
496,b,19.17,9.5,?,u,g,w,v,1.5,t,134.16,f,0,148.92,f,g,120,2206,+
497,a,25,0.875,?,u,g,x,h,1.04,t,134.59,f,0,147.54,t,g,160,5860,+
498,b,20.17,9.25,299,u,g,c,v,1.665,t,133.81,t,3,147.79,t,g,40,28,+
499,b,25.75,0.5,?,u,g,c,v,1.46,t,135.21,t,5,147.62,t,g,312,0,+
500,b,20.42,7,248,u,g,c,v,1.625,t,135.98,t,3,147.66,f,g,200,1391,+
501,b,?,4,291,u,g,x,v,5,t,133.91,t,3,148.6,t,g,290,2279,+
502,b,39,5,298,u,g,cc,v,3.5,t,134.25,t,10,149.22,t,g,0,0,+
503,a,64.08,0.165,?,u,g,ff,ff,0,t,135.97,t,1,148.3,f,g,232,100,+
504,b,28.25,5.125,?,u,g,x,v,4.75,t,133.01,t,2,146.82,f,g,420,7,+
505,a,28.75,3.75,?,u,g,c,v,1.085,t,135.17,t,1,148.52,t,g,371,0,+
506,b,31.33,19.5,266,u,g,c,v,7,t,132.82,t,16,147.62,f,g,0,5000,+
507,a,18.92,9,?,u,g,aa,v,0.75,t,135.64,t,2,147.45,f,g,88,591,+
508,a,24.75,3,?,u,g,q,h,1.835,t,136.07,t,19,148.82,f,g,0,500,+
509,a,30.67,12,244,u,g,c,v,2,t,135.1,t,1,147.87,f,g,220,19,+
510,b,21,4.79,195,y,p,w,v,2.25,t,134.84,t,1,148.73,t,g,80,300,+
511,b,13.75,4,?,y,p,w,v,1.75,t,135.5,t,2,148.68,t,g,120,1000,+
512,a,46,4,?,u,g,j,j,0,t,135.79,f,0,147.84,f,g,100,960,+
513,a,44.33,0,?,u,g,c,v,2.5,t,133.07,f,0,146.27,f,g,0,0,+
514,b,20.25,9.96,?,u,g,e,dd,0,t,135.53,f,0,148.08,f,g,0,0,+
515,b,22.67,2.54,226,y,p,c,h,2.585,t,133.99,f,0,148.37,f,g,0,0,+
516,b,?,10.5,305,u,g,x,v,6.5,t,133.13,f,0,148.82,f,g,0,0,+
517,a,60.92,5,259,u,g,aa,v,4,t,133.79,t,4,147.58,f,g,0,99,+
518,b,16.08,0.75,?,u,g,c,v,1.75,t,135.86,t,5,148.19,t,g,352,690,+
519,a,28.17,0.375,?,u,g,q,v,0.585,t,136.51,t,4,147.55,f,g,80,0,+
520,b,39.17,1.71,?,u,g,x,v,0.125,t,135.14,t,5,147.82,t,g,480,0,+
521,?,20.42,7.5,?,u,g,k,v,1.5,t,134.93,t,1,147.96,f,g,160,234,+
522,a,30,5.29,?,u,g,e,dd,2.25,t,135.45,t,5,148.14,t,g,99,500,+
523,b,22.83,3,?,u,g,m,v,1.29,t,135.82,t,1,148.01,f,g,260,800,+
524,a,22.5,8.5,?,u,g,q,v,1.75,t,134.5,t,10,149,f,g,80,990,-
525,a,28.58,1.665,248,u,g,q,v,2.415,t,133.96,f,0,148.45,t,g,440,0,-
526,b,45.17,1.5,?,u,g,c,v,2.5,t,134.55,f,0,147.66,t,g,140,0,-
527,b,41.58,1.75,247,u,g,k,v,0.21,t,136.22,f,0,147.83,f,g,160,0,-
528,a,57.08,0.335,?,u,g,i,bb,1,t,134.95,f,0,148.67,t,g,252,2197,-
529,a,55.75,7.08,300,u,g,k,h,6.75,t,132.07,t,3,147.03,t,g,100,50,-
530,b,43.25,25.21,?,u,g,q,h,0.21,t,136.09,t,1,149.08,f,g,760,90,-
531,a,25.33,2.085,?,u,g,c,h,2.75,t,135.1,f,0,147.46,t,g,360,1,-
532,a,24.58,0.67,?,u,g,aa,h,1.75,t,135.3,f,0,147.27,f,g,400,0,-
533,b,43.17,2.25,338,u,g,i,bb,0.75,t,136.19,f,0,149.07,f,g,560,0,-
534,b,40.92,0.835,?,u,g,ff,ff,0,t,136.51,f,0,147.75,f,g,130,1,-
535,b,31.83,2.5,185,u,g,aa,v,7.5,t,132,f,0,148.99,t,g,523,0,-
536,a,33.92,1.585,262,y,p,ff,ff,0,t,136.46,f,0,148.94,f,g,320,0,-
537,a,24.92,1.25,?,u,g,ff,ff,0,t,134.23,f,0,147.59,f,g,80,0,-
538,b,35.25,3.165,?,u,g,x,h,3.75,t,135.85,f,0,149.06,t,g,680,0,-
539,b,34.25,1.75,?,u,g,w,bb,0.25,t,136.51,f,0,147.83,t,g,163,0,-
540,b,80.25,5.5,176,u,g,?,?,0.54,t,136.12,f,0,148.09,f,g,0,340,-
541,b,19.42,1.5,216,y,p,cc,v,2,t,135.04,f,0,147.36,t,g,100,20,-
542,b,42.75,3,181,u,g,i,bb,1,t,136.79,f,0,149.07,f,g,0,200,-
543,b,19.67,10,?,y,p,k,h,0.835,t,134.9,f,0,149.8,t,g,140,0,-
544,b,36.33,3.79,?,u,g,w,v,1.165,t,136.21,f,0,147.61,t,g,200,0,-
545,b,30.08,1.04,?,y,p,i,bb,0.5,t,135.77,t,10,147.65,t,g,132,28,-
546,b,44.25,11,166,y,p,d,v,1.5,t,135.6,f,0,148.39,f,s,0,0,-
547,b,23.58,0.46,157,y,p,w,v,2.625,t,133.82,t,6,148.25,t,g,208,347,-
548,b,23.92,1.5,203,u,g,d,h,1.875,t,135.92,t,6,147.06,f,g,200,327,+
549,b,33.17,1,240,u,g,x,v,0.75,t,135.38,t,7,147.15,t,g,340,4071,+
550,b,48.33,12,332,u,g,m,v,16,t,130.13,f,0,148.11,f,s,110,0,+
551,b,76.75,22.29,?,u,g,e,z,12.75,t,130.3,t,1,148.84,t,g,0,109,+
552,b,51.33,10,?,u,g,i,bb,0,t,134.36,t,11,148.52,f,g,0,1249,+
553,b,34.75,15,205,u,g,r,n,5.375,t,133,t,9,149.31,t,g,0,134,+
554,b,38.58,3.335,?,u,g,w,v,4,t,134.51,t,14,147.81,f,g,383,1344,+
555,a,22.42,11.25,253,y,p,x,h,0.75,t,135.7,t,4,147.48,f,g,0,321,+
556,b,41.92,0.42,260,u,g,c,h,0.21,t,135.94,t,6,148.93,f,g,220,948,+
557,b,29.58,4.5,?,u,g,w,v,7.5,t,132.6,t,2,148.36,t,g,330,0,+
558,a,32.17,1.46,307,u,g,w,v,1.085,t,133.94,t,16,147.2,f,g,120,2079,+
559,b,51.42,0.04,302,u,g,x,h,0.04,t,134.98,f,0,148.09,f,g,0,3000,+
560,a,22.83,2.29,279,u,g,q,h,2.29,t,135.06,t,7,147.51,t,g,140,2384,+
561,a,25,12.33,263,u,g,cc,h,3.5,t,134.66,t,6,148.09,f,g,400,458,+
562,b,26.75,1.125,?,u,g,x,h,1.25,t,135.47,f,0,147.86,f,g,0,5298,+
563,b,23.33,1.5,276,u,g,c,h,1.415,t,135.1,f,0,147.34,f,g,422,200,+
564,b,24.42,12.335,?,u,g,q,h,1.585,t,135.96,f,0,146.76,t,g,120,0,+
565,b,42.17,5.04,217,u,g,q,h,12.75,t,130.37,f,0,149.37,t,g,92,0,+
566,a,20.83,3,?,u,g,aa,v,0.04,t,135.29,f,0,146.66,f,g,100,0,+
567,b,23.08,11.5,257,u,g,w,h,2.125,t,134.84,t,11,148.53,t,g,290,284,+
568,a,25.17,2.875,163,u,g,x,h,0.875,t,133.8,f,0,149.03,f,g,360,0,+
569,b,43.08,0.375,?,y,p,c,v,0.375,t,134.89,t,8,147.52,t,g,300,162,+
570,a,35.75,0.915,?,u,g,aa,v,0.75,t,135.97,t,4,148.94,f,g,0,1583,+
571,b,59.5,2.75,?,u,g,w,v,1.75,t,135.12,t,5,148,t,g,60,58,+
572,b,21,3,?,y,p,d,v,1.085,t,136.26,t,8,148.55,t,g,160,1,+
573,b,21.92,0.54,327,y,p,x,v,0.04,t,134.24,t,1,146.76,t,g,840,59,+
574,a,65.17,14,?,u,g,ff,ff,0,t,135.56,t,11,146.19,t,g,0,1400,+
575,a,20.33,10,?,u,g,c,h,1,t,136.77,t,4,148.28,f,g,50,1465,+
576,b,32.25,0.165,283,y,p,c,h,3.25,t,134.24,t,1,148.65,t,g,432,8000,+
577,b,30.17,0.5,150,u,g,c,v,1.75,t,134.29,t,11,148.34,f,g,32,540,+
578,b,25.17,6,?,u,g,c,v,1,t,134.45,t,3,149.26,f,g,0,0,+
579,b,39.17,1.625,277,u,g,c,v,1.5,t,135.16,t,10,148.51,f,g,186,4700,+
580,b,39.08,6,302,u,g,m,v,1.29,t,135.56,t,5,147.39,t,g,108,1097,+
581,b,31.67,0.83,305,u,g,x,v,1.335,t,134.85,t,8,148.24,t,g,303,3290,+
582,b,41,0.04,221,u,g,e,v,0.04,f,135.71,t,1,149.21,f,s,560,0,+
583,b,48.5,4.25,?,u,g,m,v,0.125,t,135.48,f,0,147.2,t,g,225,0,+
584,b,32.67,9,?,y,p,w,h,5.25,t,134.32,f,0,147.67,t,g,154,0,+
585,a,28.08,15,?,y,p,e,z,0,t,136.24,f,0,146.63,f,g,0,13212,+
586,b,73.42,17.75,?,u,g,ff,ff,0,t,134.21,f,0,148.21,t,g,0,0,+
587,b,64.08,20,?,u,g,x,h,17.5,t,128.85,t,9,147.24,t,g,0,1000,+
588,b,51.58,15,?,u,g,c,v,8.5,t,131.74,t,9,147.69,f,g,0,0,+
589,b,26.67,1.75,233,y,p,c,v,1,t,133.48,t,5,148.8,t,g,160,5777,+
590,b,25.33,0.58,?,u,g,c,v,0.29,t,136.49,t,7,147.92,t,g,96,5124,+
591,b,30.17,6.5,248,u,g,cc,v,3.125,t,134.67,t,8,147.32,f,g,330,1200,+
592,b,27,0.75,263,u,g,c,h,4.25,t,134.39,t,3,150.41,t,g,312,150,+
593,b,23.17,0,306,?,?,?,?,0,f,134.87,f,0,148.07,f,p,?,0,+
594,b,34.17,5.25,?,u,g,w,v,0.085,f,136.5,f,0,148.27,t,g,290,6,+
595,b,38.67,0.21,?,u,g,k,v,0.085,t,135.07,f,0,147.61,t,g,280,0,+
596,b,25.75,0.75,?,u,g,c,bb,0.25,t,136.03,f,0,148.53,f,g,349,23,+
597,a,46.08,3,?,u,g,c,v,2.375,t,134.05,t,8,147.82,t,g,396,4159,+
598,a,21.5,6,?,u,g,aa,v,2.5,t,134.82,t,3,148.21,f,g,80,918,+
599,?,20.08,0.125,?,u,g,q,v,1,f,135.52,t,1,147.81,f,g,240,768,+
600,b,20.5,2.415,?,u,g,c,v,2,t,133.05,t,11,147.82,t,g,200,3000,+
601,a,29.5,0.46,?,u,g,k,v,0.54,t,136.89,t,4,148.35,f,g,380,500,+
602,?,42.25,1.75,307,y,p,?,?,0,f,134.81,f,0,149.01,t,g,150,1,-
603,b,29.83,1.25,148,y,p,k,v,0.25,f,135.22,f,0,150.82,f,g,224,0,-
604,b,20.08,0.25,205,u,g,q,v,0.125,f,136.15,f,0,149.61,f,g,200,0,-
605,b,23.42,0.585,?,u,g,c,h,0.085,t,135.95,f,0,148.35,f,g,180,0,-
606,a,29.58,1.75,332,y,p,k,v,1.25,f,135.02,f,0,147.2,t,g,280,0,-
607,b,16.17,0.04,?,u,g,c,v,0.04,f,135.9,f,0,147.72,f,g,0,0,+
608,b,32.33,3.5,252,u,g,k,v,0.5,f,136.81,f,0,147.2,t,g,232,0,-
609,b,?,0.04,?,y,p,d,v,4.25,f,133.49,f,0,147.35,t,g,460,0,-
610,b,47.83,4.165,309,u,g,x,bb,0.085,f,136.14,f,0,147.97,t,g,520,0,-
611,b,20,1.25,?,y,p,k,v,0.125,f,134.38,f,0,148.21,f,g,140,4,-
612,b,27.58,3.25,265,y,p,q,h,5.085,f,134.07,t,2,147.5,t,g,369,1,-
613,b,22,0.79,256,u,g,w,v,0.29,f,134.83,t,1,147.53,f,g,420,283,-
614,b,19.33,10.915,?,u,g,c,bb,0.585,f,134.9,t,2,149.06,t,g,200,7,-
615,a,38.33,4.415,249,u,g,c,v,0.125,f,136.24,f,0,148.14,f,g,160,0,-
616,b,29.42,1.25,?,u,g,c,h,0.25,f,136.37,t,2,147.55,t,g,400,108,-
617,b,22.67,0.75,176,u,g,i,v,1.585,f,134.09,t,1,148.94,t,g,400,9,-
618,b,32.25,14,?,y,p,ff,ff,0,f,136.01,t,2,149.64,f,g,160,1,-
619,b,29.58,4.75,?,u,g,m,v,2,f,134.31,t,1,148.69,t,g,460,68,-
620,b,18.42,10.415,?,y,p,aa,v,0.125,t,135.66,f,0,148.9,f,g,120,375,-
621,b,22.17,2.25,?,u,g,i,v,0.125,f,135.49,f,0,148.55,f,g,160,10,-
622,b,22.67,0.165,?,u,g,c,j,2.25,f,135.23,f,0,147.99,t,s,0,0,+
623,a,25.58,0,?,?,?,?,?,0,f,136.99,f,0,148.82,f,p,?,0,+
624,b,18.83,0,143,u,g,q,v,0.665,f,135,f,0,149.36,f,g,160,1,-
625,b,21.58,0.79,?,y,p,cc,v,0.665,f,136.45,f,0,147.4,f,g,160,0,-
626,b,23.75,12,173,u,g,c,v,2.085,f,133.68,f,0,147.82,f,s,80,0,-
627,b,22,7.835,?,y,p,i,bb,0.165,f,135.41,f,0,148.3,t,g,?,0,-
628,b,36.08,2.54,128,u,g,ff,ff,0,f,135.22,f,0,148.35,f,g,0,1000,-
629,b,29.25,13,297,u,g,d,h,0.5,f,135.57,f,0,148.43,f,g,228,0,-
630,a,19.58,0.665,288,u,g,w,v,1.665,f,135.32,f,0,148.11,f,g,220,5,-
631,a,22.92,1.25,208,u,g,q,v,0.25,f,135.03,f,0,149.38,t,g,120,809,-
632,a,27.25,0.29,?,u,g,m,h,0.125,f,136.39,t,1,147.26,t,g,272,108,-
633,a,38.75,1.5,313,u,g,ff,ff,0,f,135.39,f,0,147.06,f,g,76,0,-
634,b,32.42,2.165,?,y,p,k,ff,0,f,134.63,f,0,147.5,f,g,120,0,-
635,a,23.75,0.71,129,u,g,w,v,0.25,f,135.76,t,1,147.3,t,g,240,4,-
636,b,18.17,2.46,323,u,g,c,n,0.96,f,134.95,t,2,148.62,t,g,160,587,-
637,b,40.92,0.5,?,y,p,m,v,0.5,f,135.67,f,0,147.53,t,g,130,0,-
638,b,19.5,9.585,165,u,g,aa,v,0.79,f,134.89,f,0,148.54,f,g,80,350,-
639,b,28.58,3.625,?,u,g,aa,v,0.25,f,135.49,f,0,148.87,t,g,100,0,-
640,b,35.58,0.75,?,u,g,k,v,1.5,f,135.51,f,0,147.52,t,g,231,0,-
641,b,34.17,2.75,319,u,g,i,bb,2.5,f,134.74,f,0,148.39,t,g,232,200,-
642,?,33.17,2.25,?,y,p,cc,v,3.5,f,134.43,f,0,147.68,t,g,200,141,-
643,b,31.58,0.75,?,y,p,aa,v,3.5,f,134.57,f,0,145.55,t,g,320,0,-
644,a,52.5,7,?,u,g,aa,h,3,f,135.15,f,0,146.83,f,g,0,0,-
645,b,36.17,0.42,135,y,p,w,v,0.29,f,135.65,f,0,147.6,t,g,309,2,-
646,b,37.33,2.665,?,u,g,cc,v,0.165,f,136.29,f,0,147.96,t,g,0,501,-
647,a,20.83,8.5,?,u,g,c,v,0.165,f,136.04,f,0,147.36,f,g,0,351,-
648,b,24.08,9,214,u,g,aa,v,0.25,f,134.98,f,0,147.15,t,g,0,0,-
649,b,25.58,0.335,269,u,g,k,h,3.5,f,134.25,f,0,147.54,t,g,340,0,-
650,a,35.17,3.75,?,u,g,ff,ff,0,f,134.76,t,6,147.04,f,g,0,200,-
651,b,48.08,3.75,133,u,g,i,bb,1,f,135.03,f,0,149.21,f,g,100,2,-
652,a,15.83,7.625,122,u,g,q,v,0.125,f,135.54,t,1,146.49,t,g,0,160,-
653,a,22.5,0.415,?,u,g,i,v,0.335,f,136.64,f,0,147.57,t,s,144,0,-
654,b,21.5,11.5,259,u,g,i,v,0.5,t,135.32,f,0,148.89,t,g,100,68,-
655,a,23.58,0.83,?,u,g,q,v,0.415,f,133.66,t,1,146.71,t,g,200,11,-
656,a,21.08,5,?,y,p,ff,ff,0,f,136.03,f,0,146.84,f,g,0,0,-
657,b,25.67,3.25,228,u,g,c,h,2.29,f,134.58,t,1,148.18,t,g,416,21,-
658,a,38.92,1.665,?,u,g,aa,v,0.25,f,136.01,f,0,147.79,f,g,0,390,-
659,a,15.75,0.375,221,u,g,c,v,1,f,135.5,f,0,146.03,f,g,120,18,-
660,a,28.58,3.75,?,u,g,c,v,0.25,f,135.94,t,1,148.71,t,g,40,154,-
661,b,22.25,9,?,u,g,aa,v,0.085,f,135.73,f,0,148,f,g,0,0,-
662,b,29.83,3.5,?,u,g,c,v,0.165,f,135.23,f,0,148.92,f,g,216,0,-
663,a,23.5,1.5,175,u,g,w,v,0.875,f,133.82,f,0,148.85,t,g,160,0,-
664,b,32.08,4,219,y,p,cc,v,1.5,f,134.13,f,0,147.83,t,g,120,0,-
665,b,31.08,1.5,158,y,p,w,v,0.04,f,135.47,f,0,149.08,f,s,160,0,-
666,b,31.83,0.04,195,y,p,m,v,0.04,f,136.38,f,0,148.74,f,g,0,0,-
667,a,21.75,11.75,297,u,g,c,v,0.25,f,136.19,f,0,147.56,t,g,180,0,-
668,a,17.92,0.54,?,u,g,c,v,1.75,f,134.02,t,1,149.07,t,g,80,5,-
669,b,30.33,0.5,?,u,g,d,h,0.085,f,134.93,f,0,148.23,t,s,252,0,-
670,b,51.83,2.04,?,y,p,ff,ff,1.5,f,134.46,f,0,147.14,f,g,120,1,-
671,b,47.17,5.835,183,u,g,w,v,5.5,f,132.38,f,0,147.42,f,g,465,150,-
672,b,25.83,12.835,193,u,g,cc,v,0.5,f,134.82,f,0,146.79,f,g,0,2,-
673,a,50.25,0.835,?,u,g,aa,v,0.5,f,135.42,f,0,147.03,t,g,240,117,-
674,?,29.5,2,?,y,p,e,h,2,f,135.6,f,0,148.2,f,g,256,17,-
675,a,37.33,2.5,?,u,g,i,h,0.21,f,136.65,f,0,148.1,f,g,260,246,-
676,a,41.58,1.04,?,u,g,aa,v,0.665,f,135.01,f,0,147.94,f,g,240,237,-
677,a,30.58,10.665,?,u,g,q,h,0.085,f,134.38,t,12,148.36,t,g,129,3,-
678,b,19.42,7.25,305,u,g,m,v,0.04,f,136.55,t,1,147.54,f,g,100,1,-
679,a,17.92,10.21,?,u,g,ff,ff,0,f,135.75,f,0,148.81,f,g,0,50,-
680,a,20.08,1.25,?,u,g,c,v,0,f,134.81,f,0,149.44,f,g,0,0,-
681,b,19.5,0.29,208,u,g,k,v,0.29,f,135.82,f,0,147.48,f,g,280,364,-
682,b,27.83,1,?,y,p,d,h,3,f,135.26,f,0,147.77,f,g,176,537,-
683,b,17.08,3.29,286,u,g,i,v,0.335,f,135.35,f,0,148.06,t,g,140,2,-
684,b,36.42,0.75,?,y,p,d,v,0.585,f,136.85,f,0,146.55,f,g,240,3,-
685,b,40.58,3.29,?,u,g,m,v,3.5,f,134.51,f,0,148.65,t,s,400,0,-
686,b,21.08,10.085,?,y,p,e,h,1.25,f,135.24,f,0,149,f,g,260,0,-
687,a,22.67,0.75,?,u,g,c,v,2,f,133.72,t,2,148.75,t,g,200,394,-
688,a,25.25,13.5,259,y,p,ff,ff,2,f,134.1,t,1,147.38,t,g,200,1,-
689,b,17.92,0.205,?,u,g,aa,v,0.04,f,136.75,f,0,146.87,f,g,280,750,-
690,b,35,3.375,219,u,g,c,h,8.29,f,133,f,0,147.9,t,g,0,0,-
